{
  "accuracy": 0.900990099009901,
  "classification_report": {
    "negatif": {
      "precision": 0.9767441860465116,
      "recall": 0.8235294117647058,
      "f1-score": 0.8936170212765957,
      "support": 51.0
    },
    "positif": {
      "precision": 0.8448275862068966,
      "recall": 0.98,
      "f1-score": 0.9074074074074074,
      "support": 50.0
    },
    "accuracy": 0.900990099009901,
    "macro avg": {
      "precision": 0.9107858861267041,
      "recall": 0.9017647058823529,
      "f1-score": 0.9005122143420016,
      "support": 101.0
    },
    "weighted avg": {
      "precision": 0.9114389386011577,
      "recall": 0.900990099009901,
      "f1-score": 0.9004439451037303,
      "support": 101.0
    }
  },
  "confusion_matrix": [
    [
      42,
      9
    ],
    [
      1,
      49
    ]
  ],
  "feature_count": 8000,
  "train_size": 401,
  "test_size": 101,
  "original_data_size": 978,
  "balanced_data_size": 502,
  "original_distribution": {
    "positif": 727,
    "negatif": 251
  },
  "balanced_distribution": {
    "positif": 251,
    "negatif": 251
  }
}